symbol,note
1000BTTCUSDT,"in archive, absent from live exchangeInfo -> delisted; classify COIN vs TradFi by base asset"
1000LUNCBUSD,"in archive, absent from live exchangeInfo -> delisted; classify COIN vs TradFi by base asset"
1000SHIBBUSD,"in archive, absent from live exchangeInfo -> delisted; classify COIN vs TradFi by base asset"
ADABUSD,"in archive, absent from live exchangeInfo -> delisted; classify COIN vs TradFi by base asset"
AERGOUSDT,"in archive, absent from live exchangeInfo -> delisted; classify COIN vs TradFi by base asset"
AERGOUSDTSETTLED,"in archive, absent from live exchangeInfo -> delisted; classify COIN vs TradFi by base asset"
AERGOUSDTSETTLEDSETTLED,"in archive, absent from live exchangeInfo -> delisted; classify COIN vs TradFi by base asset"
AGIXBUSD,"in archive, absent from live exchangeInfo -> delisted; classify COIN vs TradFi by base asset"
AIAUSDTSETTLED,"in archive, absent from live exchangeInfo -> delisted; classify COIN vs TradFi by base asset"
AKROUSDT,"in archive, absent from live exchangeInfo -> delisted; classify COIN vs TradFi by base asset"
AMBBUSD,"in archive, absent from live exchangeInfo -> delisted; classify COIN vs TradFi by base asset"
ANCBUSD,"in archive, absent from live exchangeInfo -> delisted; classify COIN vs TradFi by base asset"
ANCUSDT,"in archive, absent from live exchangeInfo -> delisted; classify COIN vs TradFi by base asset"
ANTUSDT,"in archive, absent from live exchangeInfo -> delisted; classify COIN vs TradFi by base asset"
APEBUSD,"in archive, absent from live exchangeInfo -> delisted; classify COIN vs TradFi by base asset"
APTBUSD,"in archive, absent from live exchangeInfo -> delisted; classify COIN vs TradFi by base asset"
AUCTIONBUSD,"in archive, absent from live exchangeInfo -> delisted; classify COIN vs TradFi by base asset"
AUDIOUSDT,"in archive, absent from live exchangeInfo -> delisted; classify COIN vs TradFi by base asset"
AVAXBUSD,"in archive, absent from live exchangeInfo -> delisted; classify COIN vs TradFi by base asset"
BDXNUSDT,"in archive, absent from live exchangeInfo -> delisted; classify COIN vs TradFi by base asset"
BDXNUSDTSETTLED,"in archive, absent from live exchangeInfo -> delisted; classify COIN vs TradFi by base asset"
BLUEBIRDUSDT,"in archive, absent from live exchangeInfo -> delisted; classify COIN vs TradFi by base asset"
BNBBUSD,"in archive, absent from live exchangeInfo -> delisted; classify COIN vs TradFi by base asset"
BNXUSDTSETTLED,"in archive, absent from live exchangeInfo -> delisted; classify COIN vs TradFi by base asset"
BTCBUSD,"in archive, absent from live exchangeInfo -> delisted; classify COIN vs TradFi by base asset"
BTCBUSD_210129,"in archive, absent from live exchangeInfo -> delisted; classify COIN vs TradFi by base asset"
BTCBUSD_210226,"in archive, absent from live exchangeInfo -> delisted; classify COIN vs TradFi by base asset"
BTCSTUSDT,"in archive, absent from live exchangeInfo -> delisted; classify COIN vs TradFi by base asset"
BTCSTUSDTSETTLED,"in archive, absent from live exchangeInfo -> delisted; classify COIN vs TradFi by base asset"
BTCUSDT_210326,"in archive, absent from live exchangeInfo -> delisted; classify COIN vs TradFi by base asset"
BTCUSDT_210625,"in archive, absent from live exchangeInfo -> delisted; classify COIN vs TradFi by base asset"
BTCUSDT_210924,"in archive, absent from live exchangeInfo -> delisted; classify COIN vs TradFi by base asset"
BTCUSDT_211231,"in archive, absent from live exchangeInfo -> delisted; classify COIN vs TradFi by base asset"
BTCUSDT_220325,"in archive, absent from live exchangeInfo -> delisted; classify COIN vs TradFi by base asset"
BTCUSDT_220624,"in archive, absent from live exchangeInfo -> delisted; classify COIN vs TradFi by base asset"
BTCUSDT_220930,"in archive, absent from live exchangeInfo -> delisted; classify COIN vs TradFi by base asset"
BTCUSDT_221230,"in archive, absent from live exchangeInfo -> delisted; classify COIN vs TradFi by base asset"
BTCUSDT_230331,"in archive, absent from live exchangeInfo -> delisted; classify COIN vs TradFi by base asset"
BTCUSDT_230630,"in archive, absent from live exchangeInfo -> delisted; classify COIN vs TradFi by base asset"
BTCUSDT_230929,"in archive, absent from live exchangeInfo -> delisted; classify COIN vs TradFi by base asset"
BTCUSDT_231229,"in archive, absent from live exchangeInfo -> delisted; classify COIN vs TradFi by base asset"
BTCUSDT_240329,"in archive, absent from live exchangeInfo -> delisted; classify COIN vs TradFi by base asset"
BTCUSDT_240628,"in archive, absent from live exchangeInfo -> delisted; classify COIN vs TradFi by base asset"
BTCUSDT_240927,"in archive, absent from live exchangeInfo -> delisted; classify COIN vs TradFi by base asset"
BTCUSDT_241227,"in archive, absent from live exchangeInfo -> delisted; classify COIN vs TradFi by base asset"
BTCUSDT_250328,"in archive, absent from live exchangeInfo -> delisted; classify COIN vs TradFi by base asset"
BTCUSDT_250627,"in archive, absent from live exchangeInfo -> delisted; classify COIN vs TradFi by base asset"
BTCUSDT_250926,"in archive, absent from live exchangeInfo -> delisted; classify COIN vs TradFi by base asset"
BTCUSDT_251226,"in archive, absent from live exchangeInfo -> delisted; classify COIN vs TradFi by base asset"
BTCUSDT_260327,"in archive, absent from live exchangeInfo -> delisted; classify COIN vs TradFi by base asset"
BTCUSDT_260626,"in archive, absent from live exchangeInfo -> delisted; classify COIN vs TradFi by base asset"
BTSUSDT,"in archive, absent from live exchangeInfo -> delisted; classify COIN vs TradFi by base asset"
BTTUSDT,"in archive, absent from live exchangeInfo -> delisted; classify COIN vs TradFi by base asset"
BZRXUSDT,"in archive, absent from live exchangeInfo -> delisted; classify COIN vs TradFi by base asset"
COCOSUSDT,"in archive, absent from live exchangeInfo -> delisted; classify COIN vs TradFi by base asset"
CTKUSDTSETTLED,"in archive, absent from live exchangeInfo -> delisted; classify COIN vs TradFi by base asset"
CVCUSDTSETTLED,"in archive, absent from live exchangeInfo -> delisted; classify COIN vs TradFi by base asset"
CVXBUSD,"in archive, absent from live exchangeInfo -> delisted; classify COIN vs TradFi by base asset"
CVXUSDTSETTLED,"in archive, absent from live exchangeInfo -> delisted; classify COIN vs TradFi by base asset"
DODOBUSD,"in archive, absent from live exchangeInfo -> delisted; classify COIN vs TradFi by base asset"
DODOUSDT,"in archive, absent from live exchangeInfo -> delisted; classify COIN vs TradFi by base asset"
DOGEBUSD,"in archive, absent from live exchangeInfo -> delisted; classify COIN vs TradFi by base asset"
DOTBUSD,"in archive, absent from live exchangeInfo -> delisted; classify COIN vs TradFi by base asset"
DOTECOUSDT,"in archive, absent from live exchangeInfo -> delisted; classify COIN vs TradFi by base asset"
EOSUSDT,"in archive, absent from live exchangeInfo -> delisted; classify COIN vs TradFi by base asset"
ETCBUSD,"in archive, absent from live exchangeInfo -> delisted; classify COIN vs TradFi by base asset"
ETHBUSD,"in archive, absent from live exchangeInfo -> delisted; classify COIN vs TradFi by base asset"
ETHUSDT_210326,"in archive, absent from live exchangeInfo -> delisted; classify COIN vs TradFi by base asset"
ETHUSDT_210625,"in archive, absent from live exchangeInfo -> delisted; classify COIN vs TradFi by base asset"
ETHUSDT_210924,"in archive, absent from live exchangeInfo -> delisted; classify COIN vs TradFi by base asset"
ETHUSDT_211231,"in archive, absent from live exchangeInfo -> delisted; classify COIN vs TradFi by base asset"
ETHUSDT_220325,"in archive, absent from live exchangeInfo -> delisted; classify COIN vs TradFi by base asset"
ETHUSDT_220624,"in archive, absent from live exchangeInfo -> delisted; classify COIN vs TradFi by base asset"
ETHUSDT_220930,"in archive, absent from live exchangeInfo -> delisted; classify COIN vs TradFi by base asset"
ETHUSDT_221230,"in archive, absent from live exchangeInfo -> delisted; classify COIN vs TradFi by base asset"
ETHUSDT_230331,"in archive, absent from live exchangeInfo -> delisted; classify COIN vs TradFi by base asset"
ETHUSDT_230630,"in archive, absent from live exchangeInfo -> delisted; classify COIN vs TradFi by base asset"
ETHUSDT_230929,"in archive, absent from live exchangeInfo -> delisted; classify COIN vs TradFi by base asset"
ETHUSDT_231229,"in archive, absent from live exchangeInfo -> delisted; classify COIN vs TradFi by base asset"
ETHUSDT_240329,"in archive, absent from live exchangeInfo -> delisted; classify COIN vs TradFi by base asset"
ETHUSDT_240628,"in archive, absent from live exchangeInfo -> delisted; classify COIN vs TradFi by base asset"
ETHUSDT_240927,"in archive, absent from live exchangeInfo -> delisted; classify COIN vs TradFi by base asset"
ETHUSDT_241227,"in archive, absent from live exchangeInfo -> delisted; classify COIN vs TradFi by base asset"
ETHUSDT_250328,"in archive, absent from live exchangeInfo -> delisted; classify COIN vs TradFi by base asset"
ETHUSDT_250627,"in archive, absent from live exchangeInfo -> delisted; classify COIN vs TradFi by base asset"
ETHUSDT_250926,"in archive, absent from live exchangeInfo -> delisted; classify COIN vs TradFi by base asset"
ETHUSDT_251226,"in archive, absent from live exchangeInfo -> delisted; classify COIN vs TradFi by base asset"
ETHUSDT_260327,"in archive, absent from live exchangeInfo -> delisted; classify COIN vs TradFi by base asset"
ETHUSDT_260626,"in archive, absent from live exchangeInfo -> delisted; classify COIN vs TradFi by base asset"
FILBUSD,"in archive, absent from live exchangeInfo -> delisted; classify COIN vs TradFi by base asset"
FOOTBALLUSDT,"in archive, absent from live exchangeInfo -> delisted; classify COIN vs TradFi by base asset"
FRONTUSDT,"in archive, absent from live exchangeInfo -> delisted; classify COIN vs TradFi by base asset"
FTMBUSD,"in archive, absent from live exchangeInfo -> delisted; classify COIN vs TradFi by base asset"
FTTBUSD,"in archive, absent from live exchangeInfo -> delisted; classify COIN vs TradFi by base asset"
GALABUSD,"in archive, absent from live exchangeInfo -> delisted; classify COIN vs TradFi by base asset"
GALBUSD,"in archive, absent from live exchangeInfo -> delisted; classify COIN vs TradFi by base asset"
GALUSDT,"in archive, absent from live exchangeInfo -> delisted; classify COIN vs TradFi by base asset"
GMTBUSD,"in archive, absent from live exchangeInfo -> delisted; classify COIN vs TradFi by base asset"
HNTUSDT,"in archive, absent from live exchangeInfo -> delisted; classify COIN vs TradFi by base asset"
ICPBUSD,"in archive, absent from live exchangeInfo -> delisted; classify COIN vs TradFi by base asset"
ICPUSDT_SETTLED,"in archive, absent from live exchangeInfo -> delisted; classify COIN vs TradFi by base asset"
KEEPUSDT,"in archive, absent from live exchangeInfo -> delisted; classify COIN vs TradFi by base asset"
LDOBUSD,"in archive, absent from live exchangeInfo -> delisted; classify COIN vs TradFi by base asset"
LENDUSDT,"in archive, absent from live exchangeInfo -> delisted; classify COIN vs TradFi by base asset"
LEVERBUSD,"in archive, absent from live exchangeInfo -> delisted; classify COIN vs TradFi by base asset"
LINKBUSD,"in archive, absent from live exchangeInfo -> delisted; classify COIN vs TradFi by base asset"
LITUSDTSETTLED,"in archive, absent from live exchangeInfo -> delisted; classify COIN vs TradFi by base asset"
LTCBUSD,"in archive, absent from live exchangeInfo -> delisted; classify COIN vs TradFi by base asset"
LUNA2BUSD,"in archive, absent from live exchangeInfo -> delisted; classify COIN vs TradFi by base asset"
LUNABUSD,"in archive, absent from live exchangeInfo -> delisted; classify COIN vs TradFi by base asset"
LUNAUSDT,"in archive, absent from live exchangeInfo -> delisted; classify COIN vs TradFi by base asset"
MATICBUSD,"in archive, absent from live exchangeInfo -> delisted; classify COIN vs TradFi by base asset"
MATICUSDC,"in archive, absent from live exchangeInfo -> delisted; classify COIN vs TradFi by base asset"
MATICUSDT,"in archive, absent from live exchangeInfo -> delisted; classify COIN vs TradFi by base asset"
MAVIAUSDTSETTLED,"in archive, absent from live exchangeInfo -> delisted; classify COIN vs TradFi by base asset"
MBLUSDT,"in archive, absent from live exchangeInfo -> delisted; classify COIN vs TradFi by base asset"
MINAUSDTSETTLED,"in archive, absent from live exchangeInfo -> delisted; classify COIN vs TradFi by base asset"
NEARBUSD,"in archive, absent from live exchangeInfo -> delisted; classify COIN vs TradFi by base asset"
NUUSDT,"in archive, absent from live exchangeInfo -> delisted; classify COIN vs TradFi by base asset"
PHBBUSD,"in archive, absent from live exchangeInfo -> delisted; classify COIN vs TradFi by base asset"
PUMPUSDTSETTLED,"in archive, absent from live exchangeInfo -> delisted; classify COIN vs TradFi by base asset"
RNDRUSDT,"in archive, absent from live exchangeInfo -> delisted; classify COIN vs TradFi by base asset"
SANDBUSD,"in archive, absent from live exchangeInfo -> delisted; classify COIN vs TradFi by base asset"
SLPUSDTSETTLED,"in archive, absent from live exchangeInfo -> delisted; classify COIN vs TradFi by base asset"
SOLBUSD,"in archive, absent from live exchangeInfo -> delisted; classify COIN vs TradFi by base asset"
SRMUSDT,"in archive, absent from live exchangeInfo -> delisted; classify COIN vs TradFi by base asset"
SXPUSDT,"in archive, absent from live exchangeInfo -> delisted; classify COIN vs TradFi by base asset"
SXPUSDTSETTLED,"in archive, absent from live exchangeInfo -> delisted; classify COIN vs TradFi by base asset"
TLMBUSD,"in archive, absent from live exchangeInfo -> delisted; classify COIN vs TradFi by base asset"
TLMUSDTSETTLED,"in archive, absent from live exchangeInfo -> delisted; classify COIN vs TradFi by base asset"
TOMOUSDT,"in archive, absent from live exchangeInfo -> delisted; classify COIN vs TradFi by base asset"
TRXBUSD,"in archive, absent from live exchangeInfo -> delisted; classify COIN vs TradFi by base asset"
UNIBUSD,"in archive, absent from live exchangeInfo -> delisted; classify COIN vs TradFi by base asset"
WAVESBUSD,"in archive, absent from live exchangeInfo -> delisted; classify COIN vs TradFi by base asset"
XRPBUSD,"in archive, absent from live exchangeInfo -> delisted; classify COIN vs TradFi by base asset"
YFIIUSDT,"in archive, absent from live exchangeInfo -> delisted; classify COIN vs TradFi by base asset"
